,AVAR,correlation_interval
0,0.007740742159927634,131072
1,0.06305206061994376,37449
2,0.025099455423025194,13107
3,0.008658499978754815,4369
4,0.003264065305232893,1456
5,0.001211880162772746,486
6,0.00041903837391697214,162
7,0.0001401453799758122,54
8,4.6839892973074706e-05,18
9,1.6183939414223864e-05,6
10,5.992565604004741e-06,2
