,AVAR,correlation_interval
0,3.878591843290741e-09,131072
1,4.2782028397836477e-07,37449
2,8.381370374922599e-07,13107
3,2.8961058763400857e-06,4369
4,1.48220813522748e-05,1456
5,4.0748218351564955e-05,486
6,0.00011499373629603747,162
7,0.0003721432406021827,54
8,0.0011160364250319501,18
9,0.003337011976118178,6
10,0.009943985378171746,2
